City_ID,City,Country,Date,Lat,Lng,Max Temp,Humidity,Cloudiness,Wind Speed
0,Ushuaia,AR,2021-04-19 01:03:32,-54.8,-68.3,53.6,62,40,6.91
1,Busselton,AU,2021-04-19 01:02:11,-33.65,115.3333,60.01,85,100,10.25
2,Mataura,NZ,2021-04-19 01:07:08,-46.1927,168.8643,64.0,69,67,5.01
3,Thayetmyo,MM,2021-04-19 01:07:09,19.3167,95.1833,83.61,56,0,8.37
4,New Norfolk,AU,2021-04-19 01:07:09,-42.7826,147.0587,64.0,71,100,1.99
5,Carnarvon,AU,2021-04-19 01:07:10,-24.8667,113.6333,77.0,64,0,19.01
6,Bluff,NZ,2021-04-19 01:04:58,-46.6,168.3333,64.0,69,65,5.01
7,Yichang,CN,2021-04-19 01:07:10,30.7144,111.2847,63.18,69,11,2.39
8,Sterling,US,2021-04-19 01:07:11,39.0062,-77.4286,55.99,62,90,3.44
9,Yellowknife,CA,2021-04-19 01:07:11,62.456,-114.3525,41.0,48,20,10.36
10,Norman Wells,CA,2021-04-19 01:07:11,65.282,-126.8329,46.4,46,1,9.22
11,Esperance,AU,2021-04-19 01:07:12,-33.8667,121.9,59.0,82,67,8.05
12,Venice,US,2021-04-19 01:07:12,27.0998,-82.4543,79.0,89,1,10.36
13,Hilo,US,2021-04-19 01:07:13,19.7297,-155.09,80.6,57,40,11.5
14,Comodoro Rivadavia,AR,2021-04-19 01:07:13,-45.8667,-67.5,66.2,52,0,3.44
15,Albany,US,2021-04-19 01:02:27,42.6001,-73.9662,50.0,66,90,4.45
16,Butaritari,KI,2021-04-19 01:07:14,3.0707,172.7902,83.37,74,95,14.32
17,Makakilo City,US,2021-04-19 01:07:14,21.3469,-158.0858,84.2,39,1,6.91
18,Qaanaaq,GL,2021-04-19 01:07:14,77.484,-69.3632,3.09,78,99,4.92
19,Cabo San Lucas,MX,2021-04-19 01:04:48,22.8909,-109.9124,73.99,56,1,11.5
20,Yulara,AU,2021-04-19 01:07:15,-25.2406,130.9889,64.4,32,0,12.66
21,Thompson,CA,2021-04-19 01:04:38,55.7435,-97.8558,28.4,43,40,18.41
22,Kavaratti,IN,2021-04-19 01:02:25,10.5669,72.642,83.37,72,14,6.69
23,Klaksvik,FO,2021-04-19 01:07:16,62.2266,-6.589,42.8,87,40,8.05
24,Cardston,CA,2021-04-19 01:07:16,49.2,-113.3019,28.4,100,100,9.22
25,Castro,BR,2021-04-19 01:07:17,-24.7911,-50.0119,56.37,98,7,5.26
26,Rikitea,PF,2021-04-19 01:07:17,-23.1203,-134.9692,77.92,75,11,6.91
27,Hobart,AU,2021-04-19 01:06:53,-42.8794,147.3294,64.0,48,75,19.57
28,Acajutla,SV,2021-04-19 01:07:18,13.5928,-89.8275,73.99,97,100,1.99
29,Upernavik,GL,2021-04-19 01:07:18,72.7868,-56.1549,3.27,88,100,4.68
30,Kamyaran,IR,2021-04-19 01:07:19,34.7956,46.9355,51.8,50,0,4.61
31,Nanortalik,GL,2021-04-19 01:07:19,60.1432,-45.2371,29.16,56,24,8.21
32,Avarua,CK,2021-04-19 01:07:19,-21.2078,-159.775,84.2,74,40,17.27
33,Kununurra,AU,2021-04-19 01:07:20,-15.7667,128.7333,82.4,30,8,8.05
34,Drayton Valley,CA,2021-04-19 01:07:20,53.2168,-114.9854,34.0,79,100,5.99
35,Kapaa,US,2021-04-19 01:07:21,22.0752,-159.319,80.6,57,40,13.8
36,Margate,GB,2021-04-19 01:04:56,51.3813,1.3862,43.0,82,0,1.01
37,Tuktoyaktuk,CA,2021-04-19 01:07:21,69.4541,-133.0374,35.6,75,20,12.66
38,Adrar,MR,2021-04-19 01:06:59,20.5022,-10.0711,76.62,11,92,7.29
39,Port Alfred,ZA,2021-04-19 01:07:03,-33.5906,26.891,74.53,33,0,9.57
40,Kodiak,US,2021-04-19 01:07:22,57.79,-152.4072,50.0,66,40,18.41
41,Hasaki,JP,2021-04-19 01:07:22,35.7333,140.8333,63.0,31,0,20.71
42,Ptuj,SI,2021-04-19 01:07:23,46.4201,15.8702,44.6,81,90,1.14
43,Mehamn,NO,2021-04-19 01:07:23,71.0357,27.8492,34.03,78,99,13.38
44,Sabzevar,IR,2021-04-19 01:07:23,36.2126,57.6819,64.31,31,100,2.91
45,East London,ZA,2021-04-19 01:06:37,-33.0153,27.9116,74.48,29,0,7.14
46,Vonitsa,GR,2021-04-19 01:07:24,38.9164,20.8864,51.8,93,40,1.07
47,Douglas,US,2021-04-19 01:07:24,41.3,-96.167,60.8,29,1,4.61
48,Cape Town,ZA,2021-04-19 01:07:25,-33.9258,18.4232,66.99,94,0,14.97
49,Arrecife,ES,2021-04-19 01:07:25,28.963,-13.5477,64.4,68,75,11.5
50,Ancud,CL,2021-04-19 01:07:26,-41.8697,-73.8203,57.2,100,90,16.11
51,Barrow,US,2021-04-19 01:07:26,71.2906,-156.7887,26.6,80,1,9.22
52,Cidreira,BR,2021-04-19 01:07:27,-30.1811,-50.2056,70.39,72,2,10.76
53,Port Lincoln,AU,2021-04-19 01:07:27,-34.7333,135.8667,63.59,62,35,13.98
54,Qaqortoq,GL,2021-04-19 01:07:28,60.7167,-46.0333,28.4,34,75,5.75
55,Vardo,NO,2021-04-19 01:07:28,70.3705,31.1107,35.89,84,94,17.54
56,Mar Del Plata,AR,2021-04-19 01:06:02,-38.0023,-57.5575,66.99,88,0,5.75
57,Veraval,IN,2021-04-19 01:06:08,20.9,70.3667,78.57,79,0,12.48
58,Punta Arenas,CL,2021-04-19 01:07:29,-53.15,-70.9167,48.0,87,0,6.91
59,Ponta Do Sol,PT,2021-04-19 01:07:29,32.6667,-17.1,57.99,73,4,1.99
60,Teya,RU,2021-04-19 01:07:29,60.3778,92.6267,13.01,94,100,7.07
61,Ilulissat,GL,2021-04-19 01:07:30,69.2167,-51.1,12.2,57,62,11.5
62,Atuona,PF,2021-04-19 01:07:30,-9.8,-139.0333,80.28,79,18,18.79
63,Alofi,NU,2021-04-19 01:03:22,-19.0595,-169.9187,84.2,54,5,10.36
64,Bethel,US,2021-04-19 01:07:31,41.3712,-73.414,54.0,54,90,4.61
65,Anloga,GH,2021-04-19 01:07:31,5.7947,0.8973,75.2,94,20,4.61
66,Waipawa,NZ,2021-04-19 01:07:32,-41.4122,175.5153,66.2,59,20,16.11
67,Monterey,US,2021-04-19 01:07:32,36.2505,-121.2516,81.0,67,1,11.5
68,Jamestown,US,2021-04-19 01:07:32,42.097,-79.2353,48.0,76,40,9.22
69,Torbay,CA,2021-04-19 01:05:33,47.6666,-52.7314,36.0,100,90,6.91
70,Fairbanks,US,2021-04-19 01:05:48,64.8378,-147.7164,62.6,33,1,4.61
71,Njombe,TZ,2021-04-19 01:07:33,-9.3333,34.7667,52.38,90,98,8.32
72,Chuy,UY,2021-04-19 01:07:33,-33.6971,-53.4616,62.65,76,5,7.81
73,Vaini,TO,2021-04-19 01:07:34,-21.2,-175.2,80.6,78,20,9.22
74,Arraial Do Cabo,BR,2021-04-19 01:07:34,-22.9661,-42.0278,75.2,88,75,5.75
75,Viedma,AR,2021-04-19 01:07:35,-40.8135,-62.9967,68.13,77,64,12.86
76,Hithadhoo,MV,2021-04-19 01:07:35,-0.6,73.0833,82.51,65,68,7.63
77,Narsaq,GL,2021-04-19 01:07:35,60.9167,-46.05,28.4,34,75,5.75
78,Myaundzha,RU,2021-04-19 01:07:36,63.0494,147.1858,25.7,86,100,4.85
79,Santa,PH,2021-04-19 01:07:36,17.486,120.4348,86.0,42,100,9.1
80,Provideniya,RU,2021-04-19 01:07:36,64.3833,-173.3,30.2,69,0,6.71
81,Tautira,PF,2021-04-19 01:07:37,-17.7333,-149.15,86.0,66,20,9.22
82,Airai,TL,2021-04-19 01:07:37,-8.9266,125.4092,69.71,48,53,2.8
83,Kandrian,PG,2021-04-19 01:07:38,-6.2167,149.55,87.94,61,63,4.18
84,Ust-Kuyga,RU,2021-04-19 01:07:38,70.0167,135.6,13.01,83,93,4.21
85,Salalah,OM,2021-04-19 01:07:38,17.0151,54.0924,78.8,65,0,2.3
86,Sao Domingos,BR,2021-04-19 01:07:39,-13.3983,-46.3183,70.14,85,100,1.07
87,Ilhabela,BR,2021-04-19 01:07:39,-23.7781,-45.3581,71.58,90,54,7.38
88,Trinidad,BO,2021-04-19 01:07:40,-14.8333,-64.9,73.94,93,7,2.62
89,Parana,AR,2021-04-19 01:07:40,-31.732,-60.5238,73.0,85,0,1.99
90,Georgetown,MY,2021-04-19 01:07:40,5.4112,100.3354,84.2,89,20,2.3
91,Bredasdorp,ZA,2021-04-19 01:07:41,-34.5322,20.0403,66.2,82,98,6.91
92,Yatou,CN,2021-04-19 01:07:41,37.15,122.3833,61.14,43,0,13.78
93,Clyde River,CA,2021-04-19 01:07:41,70.4692,-68.5914,3.2,85,90,12.66
94,Lata,PT,2021-04-19 01:07:42,40.1629,-8.3327,59.0,89,100,1.07
95,Tasiilaq,GL,2021-04-19 01:07:42,65.6145,-37.6368,15.8,73,0,14.97
96,Geraldton,AU,2021-04-19 01:07:43,-28.7667,114.6,66.2,55,0,14.97
97,Sobolevo,RU,2021-04-19 01:07:43,54.4299,31.8996,41.32,87,97,9.1
98,Bayir,TR,2021-04-19 01:07:43,37.2687,28.2167,59.0,67,75,6.91
99,Nikolskoye,RU,2021-04-19 01:07:44,59.7035,30.7861,42.8,65,0,4.47
100,Mahajanga,MG,2021-04-19 01:07:44,-15.7167,46.3167,75.2,69,20,8.05
101,Aswan,EG,2021-04-19 01:03:25,24.0934,32.907,82.0,32,0,9.53
102,Saint-Augustin,CA,2021-04-19 01:02:55,51.226,-58.6502,36.7,95,100,23.82
103,Alta Floresta,BR,2021-04-19 01:07:45,-9.8756,-56.0861,71.26,95,100,1.45
104,Kampot,KH,2021-04-19 01:07:45,10.6167,104.1833,78.8,89,40,3.44
105,Batsfjord,NO,2021-04-19 01:07:46,70.6345,29.7185,33.08,89,91,13.27
106,Leningradskiy,RU,2021-04-19 01:07:46,69.3833,178.4167,32.27,65,0,9.82
107,Sawakin,SD,2021-04-19 01:07:47,19.1059,37.3321,79.72,69,0,7.63
108,Taoudenni,ML,2021-04-19 01:06:09,22.6783,-3.9836,79.75,14,0,13.56
109,Westport,US,2021-04-19 01:07:27,41.1415,-73.3579,54.0,66,90,5.75
110,Saiha,IN,2021-04-19 01:03:18,22.4833,92.9667,74.64,57,0,0.38
111,Byron Bay,AU,2021-04-19 01:07:48,-28.65,153.6167,69.8,64,5,9.22
112,Ixtapa,MX,2021-04-19 01:06:56,20.7,-105.2,77.0,69,1,9.22
113,Carutapera,BR,2021-04-19 01:06:35,-1.195,-46.02,75.9,93,99,4.5
114,Yabelo,ET,2021-04-19 01:07:48,4.8833,38.0833,58.8,90,100,6.76
115,Naze,JP,2021-04-19 01:07:49,28.3667,129.4833,68.0,56,75,16.11
116,Martapura,ID,2021-04-19 01:07:49,-3.4167,114.85,78.8,89,100,4.61
117,Tripoli,LY,2021-04-19 01:07:50,32.8752,13.1875,57.78,79,6,3.85
118,Katsuura,JP,2021-04-19 01:05:01,35.1333,140.3,62.6,31,0,17.27
119,Moose Factory,CA,2021-04-19 01:07:50,51.2585,-80.6094,39.2,65,1,10.36
120,Newport,GB,2021-04-19 01:07:51,51.5877,-2.9984,42.01,82,58,2.06
121,Ribeira Grande,PT,2021-04-19 01:07:51,38.5167,-28.7,61.59,83,82,7.34
122,Ayan,RU,2021-04-19 01:07:52,56.45,138.1667,30.88,96,100,10.51
123,Hermanus,ZA,2021-04-19 01:04:48,-34.4187,19.2345,64.99,91,100,11.1
124,Moldava Nad Bodvou,SK,2021-04-19 01:07:52,48.6143,20.9996,45.0,93,90,3.44
125,Mahebourg,MU,2021-04-19 01:07:53,-20.4081,57.7,78.8,83,40,11.5
126,Aklavik,CA,2021-04-19 01:07:53,68.2191,-135.0107,48.2,37,47,8.05
127,Bengkulu,ID,2021-04-19 01:07:53,-3.8004,102.2655,77.29,83,27,3.44
128,Kamaishi,JP,2021-04-19 01:07:54,39.2667,141.8833,53.6,62,75,13.8
129,Mackenzie,CA,2021-04-19 01:07:54,55.2999,-123.1698,46.4,36,1,13.8
130,Fortuna,US,2021-04-19 01:07:54,40.5982,-124.1573,57.99,87,1,11.5
131,Biak,ID,2021-04-19 01:07:55,-0.9131,122.8766,77.27,82,100,6.46
132,Tsogni,GA,2021-04-19 01:07:56,-2.7942,10.0988,77.2,88,100,4.05
133,Port Elizabeth,ZA,2021-04-19 01:07:56,-33.918,25.5701,69.8,40,0,31.07
134,Ambon,ID,2021-04-19 01:07:56,-3.6954,128.1814,77.0,94,40,5.75
135,Vargashi,RU,2021-04-19 01:07:57,55.3556,65.8467,21.27,46,1,10.98
136,Puerto Ayora,EC,2021-04-19 01:07:57,-0.7393,-90.3518,77.0,96,100,4.0
137,Steamboat Springs,US,2021-04-19 01:07:58,40.485,-106.8317,48.0,31,40,6.91
138,Vanimo,PG,2021-04-19 01:07:58,-2.6741,141.3028,84.88,65,41,4.07
139,Katobu,ID,2021-04-19 01:07:59,-4.9408,122.5276,82.26,74,74,3.27
140,Tazovskiy,RU,2021-04-19 01:07:59,67.4667,78.7,-9.53,97,50,10.54
141,Russell,US,2021-04-19 01:07:59,32.3502,-85.1999,68.0,55,75,4.61
142,Port Moresby,PG,2021-04-19 01:08:00,-9.4431,147.1797,86.0,70,40,4.61
143,Treinta Y Tres,UY,2021-04-19 01:08:00,-33.2333,-54.3833,58.82,93,30,7.31
144,Goderich,CA,2021-04-19 01:08:01,43.7501,-81.7165,46.4,61,10,4.61
145,Parabel,RU,2021-04-19 01:08:01,58.6978,81.4825,5.49,89,100,17.45
146,San Cristobal,VE,2021-04-19 01:08:02,7.7669,-72.225,84.2,54,40,6.91
147,Chokurdakh,RU,2021-04-19 01:08:02,70.6333,147.9167,10.83,90,66,13.04
148,Ati,TD,2021-04-19 01:08:02,13.2154,18.3353,82.02,7,28,10.27
149,Sao Jose Da Coroa Grande,BR,2021-04-19 01:08:03,-8.8978,-35.1478,77.74,82,99,6.69
150,Victoria,HK,2021-04-19 01:08:03,22.2855,114.1577,73.0,69,100,1.01
151,Butterworth,MY,2021-04-19 01:08:04,5.3991,100.3638,84.2,89,20,2.3
152,Punta Cardon,VE,2021-04-19 01:08:04,11.6581,-70.215,78.1,81,92,32.84
153,Cockburn Town,TC,2021-04-19 01:08:04,21.4612,-71.1419,78.8,83,20,9.22
154,Scalea,IT,2021-04-19 01:08:05,39.813,15.7956,50.0,85,100,1.01
155,Roald,NO,2021-04-19 01:08:05,62.5833,6.1333,43.0,87,18,6.91
156,Isangel,VU,2021-04-19 01:08:05,-19.55,169.2667,80.6,94,75,11.5
157,Tilichiki,RU,2021-04-19 01:08:06,60.4667,166.1,31.5,96,93,1.63
158,Kasamwa,TZ,2021-04-19 01:08:06,-2.85,32.4333,64.44,92,99,5.19
159,Dzaoudzi,YT,2021-04-19 01:08:07,-12.7887,45.2699,80.6,89,0,8.7
160,Hambantota,LK,2021-04-19 01:03:37,6.1241,81.1185,73.4,100,20,1.14
161,Kirakira,SB,2021-04-19 01:08:07,-10.4544,161.9205,85.77,69,100,7.0
162,Ponta Delgada,PT,2021-04-19 01:08:08,37.7333,-25.6667,57.2,88,20,4.61
163,Constitucion,CL,2021-04-19 01:04:28,-35.3333,-72.4167,54.7,77,13,4.61
164,Kabo,CF,2021-04-19 01:08:08,7.6994,18.629,75.51,59,87,5.19
165,Ampanihy,MG,2021-04-19 01:08:09,-24.7,44.75,60.21,72,0,8.43
166,Sambava,MG,2021-04-19 01:08:09,-14.2667,50.1667,76.15,89,90,15.43
167,Kota Tinggi,MY,2021-04-19 01:08:09,1.7381,103.8999,82.4,78,75,3.44
168,Nioro,GM,2021-04-19 01:08:10,13.35,-15.75,82.42,35,47,4.25
169,Quatre Cocos,MU,2021-04-19 01:08:10,-20.2078,57.7625,78.8,83,40,11.5
170,Tezu,IN,2021-04-19 01:08:11,27.9167,96.1667,68.63,70,96,5.93
171,Flinders,AU,2021-04-19 01:06:33,-34.5833,150.8552,71.01,52,6,4.0
172,Fort Nelson,CA,2021-04-19 01:08:11,58.8053,-122.7002,51.8,25,20,3.44
173,Pevek,RU,2021-04-19 01:08:12,69.7008,170.3133,28.45,79,100,7.47
174,Bestobe,KZ,2021-04-19 01:08:12,52.4994,73.0975,24.35,54,6,16.02
175,Mount Isa,AU,2021-04-19 01:08:12,-20.7333,139.5,80.6,24,5,11.5
176,Longyearbyen,SJ,2021-04-19 01:08:13,78.2186,15.6401,28.4,93,90,9.22
177,Lebu,CL,2021-04-19 01:08:13,-37.6167,-73.65,55.44,86,67,10.02
178,Corpus Christi,US,2021-04-19 01:08:13,27.8006,-97.3964,64.4,77,90,10.29
179,Nsanje,MW,2021-04-19 01:08:07,-16.92,35.262,62.82,97,60,2.75
180,Meulaboh,ID,2021-04-19 01:08:14,4.1363,96.1285,76.64,86,100,1.92
181,Puerto Colombia,CO,2021-04-19 01:08:10,10.9878,-74.9547,78.8,89,40,3.44
182,Saint Anthony,US,2021-04-19 01:08:15,45.0205,-93.218,46.99,76,90,17.27
183,Bairiki,KI,2021-04-19 01:08:15,1.3292,172.9752,86.0,74,20,6.91
184,Bilibino,RU,2021-04-19 01:08:15,68.0546,166.4372,26.73,87,100,16.71
185,Dhidhdhoo,MV,2021-04-19 01:08:16,6.8833,73.1,83.98,71,66,6.35
186,Trelew,AR,2021-04-19 01:07:28,-43.249,-65.3051,67.96,51,100,9.98
187,Kompaniyivka,UA,2021-04-19 01:08:16,48.2511,32.208,44.98,84,100,6.29
188,Yumen,CN,2021-04-19 01:08:17,40.2833,97.2,53.02,32,67,13.38
189,Ornskoldsvik,SE,2021-04-19 01:08:17,63.2909,18.7153,26.6,93,11,3.44
190,Honningsvag,NO,2021-04-19 01:08:17,70.9821,25.9704,36.3,80,87,19.89
191,Athabasca,CA,2021-04-19 01:06:45,54.7169,-113.2854,42.8,39,100,11.5
192,Avera,US,2021-04-19 01:08:18,33.194,-82.5271,66.2,55,1,4.18
193,Lingao,CN,2021-04-19 01:08:18,19.9103,109.6859,78.62,80,54,11.27
194,Daru,PG,2021-04-19 01:08:19,-9.0763,143.2092,80.83,81,100,9.22
195,Hirado,JP,2021-04-19 01:08:19,33.3597,129.5531,55.4,71,20,5.75
196,Tambacounda,SN,2021-04-19 01:08:20,13.7539,-13.7586,94.55,13,100,4.68
197,Tiksi,RU,2021-04-19 01:08:20,71.6872,128.8694,10.74,82,95,11.68
198,Paragominas,BR,2021-04-19 01:08:20,-2.9667,-47.4833,72.43,96,100,2.77
199,Asfi,MA,2021-04-19 01:08:21,32.2994,-9.2372,60.96,79,0,10.29
200,Ust-Tarka,RU,2021-04-19 01:08:21,55.5672,75.705,15.46,57,100,16.33
201,Ostrovnoy,RU,2021-04-19 01:08:22,68.0531,39.5131,29.48,80,100,19.46
202,Seoul,KR,2021-04-19 01:05:20,37.5683,126.9778,53.6,62,0,6.91
203,Pingxiang,CN,2021-04-19 01:08:22,27.6167,113.85,57.22,92,100,2.24
204,Aasiaat,GL,2021-04-19 01:08:23,68.7098,-52.8699,2.48,93,98,12.19
205,Oktyabrskoye,RU,2021-04-19 01:08:23,43.0645,44.7417,48.2,93,100,2.24
206,Kokkola,FI,2021-04-19 01:08:23,63.8385,23.1307,43.0,86,0,3.44
207,Maldonado,UY,2021-04-19 01:08:24,-34.6667,-54.9167,66.2,82,0,10.36
208,Rocha,UY,2021-04-19 01:08:24,-34.4833,-54.3333,58.42,93,87,6.31
209,Port Blair,IN,2021-04-19 01:08:25,11.6667,92.75,82.62,72,16,5.97
210,Grindavik,IS,2021-04-19 01:04:20,63.8424,-22.4338,32.0,74,40,8.05
211,Srednekolymsk,RU,2021-04-19 01:04:09,67.45,153.6833,25.23,77,55,8.28
212,La Peca,PE,2021-04-19 01:08:25,-5.6111,-78.435,70.02,85,94,4.21
213,Dikson,RU,2021-04-19 01:08:26,73.5069,80.5464,-8.88,100,100,6.91
214,Karasburg,NA,2021-04-19 01:08:26,-28.0167,18.75,71.29,32,0,9.19
215,Qiongshan,CN,2021-04-19 01:08:27,20.0058,110.3542,75.2,100,40,6.71
216,Talcahuano,CL,2021-04-19 01:08:27,-36.7167,-73.1167,55.4,88,40,3.96
217,Hamilton,US,2021-04-19 01:06:09,39.1834,-84.5333,54.0,58,1,2.3
218,Pizarro,CO,2021-04-19 01:08:28,4.9533,-77.366,77.76,87,100,4.05
219,Soe,ID,2021-04-19 01:08:28,-9.8607,124.284,74.57,55,100,3.31
220,Kavieng,PG,2021-04-19 01:08:28,-2.5744,150.7967,83.91,72,97,6.64
221,Chapais,CA,2021-04-19 01:08:29,49.7834,-74.8492,42.8,65,90,5.75
222,Guerrero Negro,MX,2021-04-19 01:03:44,27.9769,-114.0611,64.31,69,0,17.96
223,Waddan,LY,2021-04-19 01:08:02,29.1614,16.139,61.14,66,37,10.09
224,Kaeo,NZ,2021-04-19 01:08:29,-35.1,173.7833,65.64,53,53,5.86
225,Faanui,PF,2021-04-19 01:08:30,-16.4833,-151.75,82.67,69,0,13.18
226,Wanaka,NZ,2021-04-19 01:08:30,-44.7,169.15,54.57,75,100,8.12
227,Faya,SA,2021-04-19 01:08:31,18.3851,42.4509,62.6,23,0,4.61
228,Souillac,MU,2021-04-19 01:08:31,-20.5167,57.5167,78.8,83,40,11.5
229,Bud,US,2021-04-19 01:08:31,39.447,-86.1758,54.0,58,100,4.9
230,Primorskiy,RU,2021-04-19 01:08:32,43.0983,131.5875,53.6,43,0,3.29
231,Lagoa,PT,2021-04-19 01:08:32,39.05,-27.9833,60.67,85,100,10.8
232,Makhu,IN,2021-04-19 01:08:33,31.1033,74.9978,71.58,37,71,4.56
233,Dingle,PH,2021-04-19 01:08:01,10.9995,122.6711,81.21,69,100,3.78
234,Vangaindrano,MG,2021-04-19 01:06:18,-23.35,47.6,66.49,68,91,3.42
235,Narasannapeta,IN,2021-04-19 01:08:34,18.4167,84.05,81.59,81,5,7.4
236,Marawi,PH,2021-04-19 01:08:34,7.9986,124.2928,84.99,65,100,7.0
237,Lorengau,PG,2021-04-19 01:08:35,-2.0226,147.2712,81.93,77,100,9.86
238,Cherskiy,RU,2021-04-19 01:08:35,68.75,161.3,22.53,80,59,16.6
239,Marquette,US,2021-04-19 01:08:35,46.5333,-87.6335,45.0,55,100,1.01
240,Sao Filipe,CV,2021-04-19 01:08:36,14.8961,-24.4956,72.43,71,20,7.96
241,San Quintin,MX,2021-04-19 01:08:36,30.4833,-115.95,66.51,58,0,9.04
242,Andilamena,MG,2021-04-19 01:08:37,-17.0167,48.5833,60.75,93,100,8.1
243,Tura,IN,2021-04-19 01:08:37,25.5198,90.2201,69.31,85,0,4.09
244,Saldanha,ZA,2021-04-19 01:08:38,-33.0117,17.9442,64.4,82,44,6.91
245,Sola,VU,2021-04-19 01:08:38,-13.8833,167.55,87.8,79,40,4.61
246,Talnakh,RU,2021-04-19 01:08:39,69.4865,88.3972,-9.65,91,56,3.18
247,Aksha,RU,2021-04-19 01:08:39,50.2814,113.2867,36.14,20,61,3.58
248,Maragogi,BR,2021-04-19 01:08:39,-9.0122,-35.2225,77.2,84,100,6.38
249,Simav,TR,2021-04-19 01:08:40,39.0882,28.9777,54.34,89,100,4.97
250,Batagay-Alyta,RU,2021-04-19 01:08:40,67.8006,130.4114,11.28,85,100,4.32
251,Xinqing,CN,2021-04-19 01:05:16,48.2333,129.5,56.03,29,0,6.71
252,Twin Falls,US,2021-04-19 01:08:41,42.3505,-114.6445,66.2,16,1,19.57
253,Ukiah,US,2021-04-19 01:07:17,39.1502,-123.2078,80.6,14,1,10.36
254,Oromocto,CA,2021-04-19 01:04:10,45.8351,-66.4792,42.8,75,90,4.63
255,Cozumel,MX,2021-04-19 01:08:42,20.5083,-86.9458,82.4,83,75,10.36
256,Tuatapere,NZ,2021-04-19 01:08:42,-46.1333,167.6833,64.0,69,94,5.01
257,Namibe,AO,2021-04-19 01:08:43,-15.1961,12.1522,81.45,68,0,2.62
258,Havelock,US,2021-04-19 01:08:43,34.8791,-76.9013,64.99,77,75,3.44
259,Andenes,NO,2021-04-19 01:08:43,69.3143,16.1194,41.0,70,2,16.11
260,Lavrentiya,RU,2021-04-19 01:08:44,65.5833,-171.0,31.44,87,85,5.03
261,Luderitz,NA,2021-04-19 01:04:58,-26.6481,15.1594,73.6,46,9,4.5
262,Krutinka,RU,2021-04-19 01:08:44,56.0055,71.5113,15.71,56,30,14.43
263,Berlevag,NO,2021-04-19 01:08:45,70.8578,29.0864,35.26,83,95,16.24
264,Los Andes,CL,2021-04-19 01:08:45,-32.8337,-70.5983,71.01,72,0,4.61
265,Alice,US,2021-04-19 01:08:46,27.7523,-98.0697,68.0,55,90,7.43
266,Oranjemund,NA,2021-04-19 01:08:46,-28.55,16.4333,66.99,64,65,3.31
267,Boulder City,US,2021-04-19 01:08:46,35.9786,-114.8325,77.0,5,1,10.36
268,Wencheng,CN,2021-04-19 01:08:47,33.0559,113.7978,64.69,50,0,3.87
269,Kobayashi,JP,2021-04-19 01:08:47,31.9833,130.9833,60.8,54,0,8.05
270,New Glasgow,CA,2021-04-19 01:07:45,45.5834,-62.6486,35.6,100,100,28.77
271,Saint George,US,2021-04-19 01:08:48,37.1041,-113.5841,73.99,7,1,5.95
272,Ridgecrest,US,2021-04-19 01:07:45,35.6225,-117.6709,80.6,2,1,9.22
273,Capaci,IT,2021-04-19 01:08:49,38.1711,13.2393,51.8,82,75,18.41
274,Hornepayne,CA,2021-04-19 01:08:49,49.2138,-84.7705,40.98,59,100,3.06
275,Inyonga,TZ,2021-04-19 01:08:49,-6.7167,32.0667,60.21,95,34,4.97
276,Romny,UA,2021-04-19 01:08:50,50.751,33.4747,39.24,91,76,5.93
277,Katherine,AU,2021-04-19 01:08:50,-14.4667,132.2667,82.4,30,0,12.66
278,Kaffrine,SN,2021-04-19 01:08:50,14.1059,-15.5508,86.0,42,0,18.41
279,Ushtobe,KZ,2021-04-19 01:08:51,45.2514,77.9838,56.75,60,44,12.46
280,Hearst,CA,2021-04-19 01:08:51,49.6835,-83.6665,50.0,29,100,3.44
281,Iqaluit,CA,2021-04-19 01:04:46,63.7506,-68.5145,17.6,73,75,4.61
282,Puksoozero,RU,2021-04-19 01:08:52,62.5903,40.6066,28.58,74,7,3.87
283,Oriximina,BR,2021-04-19 01:08:52,-1.7656,-55.8661,72.99,97,100,5.48
284,Yarada,IN,2021-04-19 01:08:52,17.65,83.2667,82.36,69,31,10.0
285,Deloraine,AU,2021-04-19 01:08:53,-41.5333,146.6667,62.01,67,98,7.0
286,Lethem,GY,2021-04-19 01:08:53,3.3803,-59.7968,78.48,68,83,7.36
287,Virginia,US,2021-04-19 01:08:54,37.5481,-77.4467,61.0,55,90,10.36
288,Santa Maria,BR,2021-04-19 01:08:54,-29.6842,-53.8069,69.8,73,40,10.36
289,Genhe,CN,2021-04-19 01:05:18,50.7833,121.5167,31.59,37,6,11.21
290,Nome,US,2021-04-19 01:08:37,64.5011,-165.4064,39.99,65,90,6.91
291,Aksu,CN,2021-04-19 01:08:55,41.1231,80.2644,61.25,38,100,4.65
292,Kishtwar,IN,2021-04-19 01:08:55,33.3167,75.7667,43.77,68,1,6.06
293,Saint-Philippe,RE,2021-04-19 01:08:55,-21.3585,55.7679,77.0,83,90,11.5
294,Colares,PT,2021-04-19 01:08:56,38.7992,-9.4469,60.01,82,85,7.16
295,Ajaccio,FR,2021-04-19 01:08:56,42.0,8.9167,42.8,87,0,8.05
296,Kawalu,ID,2021-04-19 01:08:57,-7.3817,108.2082,76.89,84,13,1.23
297,Vanavara,RU,2021-04-19 01:08:57,60.34,102.2797,26.38,80,100,9.55
298,Kloulklubed,PW,2021-04-19 01:08:57,7.0419,134.2556,84.2,74,75,6.91
299,Luanda,AO,2021-04-19 01:08:58,-8.8368,13.2343,80.6,94,20,3.44
300,Fernley,US,2021-04-19 01:08:58,39.608,-119.2518,72.0,7,0,4.0
301,Buchanan,LR,2021-04-19 01:08:59,5.8808,-10.0467,80.71,82,17,7.74
302,Beloha,MG,2021-04-19 01:08:59,-25.1667,45.05,63.7,76,0,11.92
303,Pasni,PK,2021-04-19 01:08:59,25.2631,63.471,78.93,62,94,10.31
304,Zilupe,LV,2021-04-19 01:09:00,56.3862,28.1217,39.76,82,9,4.85
305,Belyy Yar,RU,2021-04-19 01:09:00,53.6039,91.3903,39.2,56,0,18.52
306,Ugep,NG,2021-04-19 01:09:01,5.8086,8.0812,73.87,93,100,3.83
307,Sitka,US,2021-04-19 01:09:01,57.0531,-135.33,66.2,27,1,11.5
308,Yar-Sale,RU,2021-04-19 01:09:02,66.8333,70.8333,-2.45,99,91,7.47
309,Selikhino,RU,2021-04-19 01:09:02,50.3672,137.4996,43.88,72,100,15.7
310,Cururupu,BR,2021-04-19 01:09:02,-1.8283,-44.8683,74.55,97,100,3.02
311,Bafq,IR,2021-04-19 01:07:41,31.6128,55.4107,65.1,38,5,3.36
312,Bulls,NZ,2021-04-19 01:09:03,-40.1667,175.3833,64.99,68,100,8.99
313,Brightwater,NZ,2021-04-19 01:09:03,-41.3833,173.1167,70.0,66,73,3.0
314,Tucupita,VE,2021-04-19 01:09:04,9.0622,-62.051,74.95,81,100,5.32
315,Nanakuli,US,2021-04-19 01:09:04,21.3906,-158.1547,84.2,39,1,6.91
316,Presidencia Roque Saenz Pena,AR,2021-04-19 01:09:05,-26.7852,-60.4388,69.49,81,0,5.91
317,Yangambi,CD,2021-04-19 01:09:05,0.8102,24.4336,70.25,99,100,1.7
318,Saint-Joseph,RE,2021-04-19 01:09:05,-21.3667,55.6167,73.4,83,90,11.5
319,Puerto Varas,CL,2021-04-19 01:09:06,-41.3195,-72.9854,59.0,88,90,13.8
320,Banjar,ID,2021-04-19 01:09:06,-8.19,114.9675,82.4,83,20,2.3
321,Terrace,CA,2021-04-19 01:09:07,54.5163,-128.6035,66.2,16,1,9.22
322,Otane,NZ,2021-04-19 01:09:07,-39.8833,176.6333,69.01,60,92,4.0
323,Sayhat,SA,2021-04-19 01:09:08,26.4852,50.0405,69.8,37,0,5.75
324,La Palma,US,2021-04-19 01:09:08,33.8464,-118.0467,82.99,16,1,16.11
325,Zyryanka,RU,2021-04-19 01:09:09,65.75,150.85,30.38,65,18,7.74
326,Bodaybo,RU,2021-04-19 01:08:07,57.8506,114.1933,22.03,71,25,3.06
327,Kyra,RU,2021-04-19 01:09:09,49.5776,111.9753,37.02,26,8,6.26
328,Sur,OM,2021-04-19 01:09:09,22.5667,59.5289,80.53,57,100,3.83
329,Vytegra,RU,2021-04-19 01:09:10,61.0064,36.4481,29.68,85,5,5.91
330,Ankang,CN,2021-04-19 01:09:10,32.68,109.0172,60.85,63,96,2.04
331,Torbat-E Jam,IR,2021-04-19 01:09:11,35.244,60.6225,58.73,35,1,1.45
332,Baherden,TM,2021-04-19 01:09:11,38.4362,57.4316,70.29,27,100,3.4
333,Wuning,CN,2021-04-19 01:09:11,29.2589,120.2311,63.61,62,6,2.33
334,Sinnamary,GF,2021-04-19 01:09:12,5.3833,-52.95,77.58,81,50,8.9
335,Zitiste,RS,2021-04-19 01:09:12,45.485,20.5497,43.0,100,75,1.14
336,Guayaramerin,BO,2021-04-19 01:09:13,-10.8368,-65.3614,73.98,96,81,1.88
337,Corinto,GR,2021-04-19 01:09:13,37.9407,22.9573,57.99,82,20,5.06
338,Haines Junction,CA,2021-04-19 01:09:13,60.7522,-137.5108,59.0,20,4,5.75
339,Mnogovershinnyy,RU,2021-04-19 01:09:14,53.9353,139.9242,29.41,98,100,8.68
340,Madimba,TZ,2021-04-19 01:09:14,-10.4,40.3333,73.83,74,41,13.94
341,Buala,SB,2021-04-19 01:09:15,-8.145,159.5921,85.33,69,78,4.59
342,Ayagoz,KZ,2021-04-19 01:09:15,47.9714,80.4392,49.86,61,100,10.25
343,Neepawa,CA,2021-04-19 01:09:15,50.2289,-99.4664,30.2,51,90,14.97
344,Bambous Virieux,MU,2021-04-19 01:09:16,-20.3428,57.7575,78.8,83,40,11.5
345,Pangai,TO,2021-04-19 01:09:16,-19.8,-174.35,82.4,65,40,4.61
346,Camacha,PT,2021-04-19 01:09:16,33.0833,-16.3333,60.8,72,20,6.91
347,Narrabri,AU,2021-04-19 01:09:17,-30.3167,149.7833,70.0,55,0,6.91
348,Shakawe,BW,2021-04-19 01:09:17,-18.3667,21.85,57.25,52,0,5.66
349,Bejar,ES,2021-04-19 01:05:45,40.3864,-5.7634,51.01,65,100,3.0
350,Ossora,RU,2021-04-19 01:09:18,59.2353,163.0719,33.01,94,70,3.56
351,Khatanga,RU,2021-04-19 01:09:18,71.9667,102.5,-0.54,94,86,9.15
352,Naryan-Mar,RU,2021-04-19 01:09:19,67.6713,53.087,20.34,88,100,12.48
353,Havoysund,NO,2021-04-19 01:09:19,70.9963,24.6622,33.8,69,99,12.08
354,Luleburgaz,TR,2021-04-19 01:09:19,41.4039,27.3592,48.2,100,75,11.5
355,Cabedelo,BR,2021-04-19 01:09:20,-6.9811,-34.8339,73.4,100,40,4.61
356,Tabou,CI,2021-04-19 01:09:20,4.423,-7.3528,80.38,80,100,5.7
357,Kruisfontein,ZA,2021-04-19 01:09:20,-34.0033,24.7314,69.01,42,6,10.0
358,Indramayu,ID,2021-04-19 01:09:21,-6.3264,108.32,81.07,75,6,4.54
359,Rafai,CF,2021-04-19 01:09:21,4.95,23.9167,68.65,93,100,2.39
360,Vestmannaeyjar,IS,2021-04-19 01:09:22,63.4427,-20.2734,39.42,58,97,18.9
361,Kluang,MY,2021-04-19 01:09:22,2.0251,103.3328,77.0,88,20,0.94
362,Shimoda,JP,2021-04-19 01:09:22,34.6667,138.95,62.6,51,0,10.36
363,Turukhansk,RU,2021-04-19 01:09:23,65.8167,87.9833,11.7,81,92,10.27
364,Vannes,FR,2021-04-19 01:09:23,47.8333,-2.5,41.0,87,0,8.05
365,Cayenne,GF,2021-04-19 01:09:24,4.9333,-52.3333,80.01,88,100,2.3
366,Fougamou,GA,2021-04-19 01:09:24,-1.2154,10.5838,75.0,98,100,1.12
367,Beringovskiy,RU,2021-04-19 01:09:25,63.05,179.3167,32.94,95,88,3.36
368,Banda Aceh,ID,2021-04-19 01:09:25,5.5577,95.3222,81.64,76,88,10.67
369,Ucluelet,CA,2021-04-19 01:08:59,48.9329,-125.5528,62.01,63,20,8.05
370,Bubaque,GW,2021-04-19 01:09:25,11.2833,-15.8333,76.78,74,38,11.9
371,Redea,RO,2021-04-19 01:09:26,44.05,24.3,45.0,87,90,3.27
372,Kaitangata,NZ,2021-04-19 01:09:26,-46.2817,169.8464,64.38,52,27,9.71
373,Vila,PT,2021-04-19 01:09:27,42.0304,-8.1588,54.0,70,100,1.01
374,Chara,RU,2021-04-19 01:09:27,56.9064,118.2631,11.32,67,23,3.47
375,Kidal,ML,2021-04-19 01:09:27,18.4411,1.4078,85.24,13,55,11.16
376,Suntar,RU,2021-04-19 01:09:28,62.1444,117.6319,20.14,70,100,5.73
377,Waingapu,ID,2021-04-19 01:09:28,-9.6567,120.2641,80.87,68,100,5.95
378,San Jose,US,2021-04-19 01:05:05,37.3394,-121.895,81.0,27,1,19.57
379,Ballina,AU,2021-04-19 01:09:29,-28.8667,153.5667,69.8,64,7,9.22
380,Olafsvik,IS,2021-04-19 01:09:29,64.8945,-23.7142,35.06,58,99,12.82
381,Chester,US,2021-04-19 01:09:29,40.1254,-75.8749,57.2,50,40,2.15
382,Vila Franca Do Campo,PT,2021-04-19 01:07:57,37.7167,-25.4333,57.2,88,20,4.61
383,Fare,PF,2021-04-19 01:09:30,-16.7,-151.0167,82.42,71,0,11.27
384,Hervey Bay,AU,2021-04-19 01:09:31,-25.2986,152.8535,75.99,64,0,5.01
385,Zhucheng,CN,2021-04-19 01:09:31,35.9947,119.3975,64.69,28,0,11.41
386,Touros,BR,2021-04-19 01:09:32,-5.1989,-35.4608,75.2,94,40,2.3
387,Buta,CD,2021-04-19 01:09:32,2.7858,24.73,70.83,97,100,1.39
388,Batemans Bay,AU,2021-04-19 01:09:32,-35.7167,150.1833,66.99,69,7,1.99
389,Ipil,PH,2021-04-19 01:09:33,7.75,122.5167,80.53,77,100,6.67
390,Gat,IL,2021-04-19 01:09:33,31.61,34.7642,81.0,32,97,1.01
391,Te Anau,NZ,2021-04-19 01:09:34,-45.4167,167.7167,55.8,76,90,7.85
392,Neryungri,RU,2021-04-19 01:09:34,56.6709,124.6491,15.55,82,100,17.52
393,Aksarka,RU,2021-04-19 01:09:35,66.5606,67.7975,-4.58,91,99,4.0
394,Vostok,RU,2021-04-19 01:09:35,46.4856,135.8833,45.43,56,91,15.12
395,Oistins,BB,2021-04-19 01:04:40,13.0667,-59.5333,78.8,61,40,19.57
396,Ban Nahin,LA,2021-04-19 01:09:36,18.2418,104.2122,80.56,73,91,0.98
397,Sabang,ID,2021-04-19 01:09:36,5.8933,95.3214,82.76,74,100,15.39
398,Katangli,RU,2021-04-19 01:09:36,51.7102,143.2326,31.33,98,100,23.29
399,Axim,GH,2021-04-19 01:09:37,4.8699,-2.2405,78.6,81,100,2.01
400,Flora,US,2021-04-19 01:08:59,38.6689,-88.4856,54.0,66,40,11.5
401,Nizwa,OM,2021-04-19 01:09:37,22.9333,57.5333,77.5,23,44,2.89
402,Inverell,AU,2021-04-19 01:09:38,-29.7833,151.1167,66.99,53,0,4.0
403,Igarka,RU,2021-04-19 01:09:38,67.4667,86.5833,-6.3,88,5,12.75
404,San Ramon,US,2021-04-19 01:07:15,37.7799,-121.978,81.0,13,1,14.97
405,Bin Qirdan,TN,2021-04-19 01:09:39,33.1378,11.2197,58.57,70,19,6.58
406,Turbat,PK,2021-04-19 01:09:39,26.0023,63.044,76.05,45,69,1.83
407,Cogua,CO,2021-04-19 01:09:39,5.0605,-73.9792,55.4,94,40,2.3
408,Paka,MY,2021-04-19 01:08:08,4.6374,103.4368,77.0,94,20,3.78
409,Sharjah,AE,2021-04-19 01:05:25,25.3573,55.4033,73.4,35,0,2.3
410,Whitehorse,CA,2021-04-19 01:09:31,60.7161,-135.0538,57.2,21,1,11.5
411,Saskylakh,RU,2021-04-19 01:04:57,71.9167,114.0833,4.44,90,94,9.37
412,Madison,US,2021-04-19 01:06:46,34.7334,-86.5667,60.8,55,90,6.91
413,Abu Dhabi,AE,2021-04-19 01:05:48,24.4667,54.3667,73.4,68,0,7.36
414,Sandakan,MY,2021-04-19 01:09:41,5.8402,118.1179,80.6,78,20,3.44
415,Bukoba,TZ,2021-04-19 01:09:41,-1.3317,31.8122,73.4,83,75,13.8
416,Gornopravdinsk,RU,2021-04-19 01:09:42,60.05,69.9,13.59,76,84,7.25
417,Coihaique,CL,2021-04-19 01:09:42,-45.5752,-72.0662,53.6,94,90,5.75
418,Buraydah,SA,2021-04-19 01:09:43,26.326,43.975,69.8,37,0,3.44
419,Bagalkot,IN,2021-04-19 01:09:43,16.1833,75.7,79.45,59,4,11.48
420,Rovaniemi,FI,2021-04-19 01:09:43,66.5,25.7167,37.4,56,0,4.61
421,Gazli,UZ,2021-04-19 01:09:44,40.1333,63.45,66.99,33,97,6.13
422,Araouane,ML,2021-04-19 01:06:02,18.9048,-3.5265,80.47,10,2,10.6
423,Ternate,ID,2021-04-19 01:09:44,0.8,127.4,81.68,75,100,7.96
424,Vestmanna,FO,2021-04-19 01:09:45,62.1564,-7.1664,42.8,87,40,8.05
425,Lokosovo,RU,2021-04-19 01:09:45,61.1333,74.8167,5.23,84,93,12.66
426,Montepuez,MZ,2021-04-19 01:09:46,-13.1256,38.9997,62.11,93,10,8.19
427,Aranda De Duero,ES,2021-04-19 01:09:46,41.6704,-3.6892,44.06,56,100,1.59
428,Port Augusta,AU,2021-04-19 01:09:46,-32.5,137.7667,68.0,42,0,8.05
429,Port Hardy,CA,2021-04-19 01:09:47,50.6996,-127.4199,66.2,52,1,6.91
430,Durban,ZA,2021-04-19 01:09:47,-29.8579,31.0292,66.0,94,0,2.3
431,Mananjary,MG,2021-04-19 01:09:48,-21.2167,48.3333,68.67,79,100,6.64
432,Mwinilunga,ZM,2021-04-19 01:09:48,-11.7358,24.4293,58.05,85,87,5.53
433,Severodvinsk,RU,2021-04-19 01:09:48,64.5635,39.8302,23.0,86,0,2.24
434,Damghan,IR,2021-04-19 01:09:49,36.1683,54.348,64.53,31,100,2.86
435,Wasilla,US,2021-04-19 01:06:21,61.5814,-149.4394,57.2,33,40,8.05
436,Gembloux,BE,2021-04-19 01:09:49,50.561,4.697,45.0,87,0,3.44
437,Puerto Carreno,CO,2021-04-19 01:09:50,6.189,-67.4859,82.83,54,100,5.64
438,Saint-Georges,GD,2021-04-19 01:09:50,12.0564,-61.7485,80.6,74,40,14.97
439,Chicama,PE,2021-04-19 01:09:51,-7.8447,-79.1469,66.2,88,40,11.5
440,Mwandiga,TZ,2021-04-19 01:09:51,-4.83,29.6581,71.6,94,20,5.75
441,Mashivka,UA,2021-04-19 01:09:51,49.4431,34.8669,40.71,94,100,5.37
442,Ilinskiy,RU,2021-04-19 01:09:52,55.619,38.1182,46.99,53,0,13.42
443,Herat,AF,2021-04-19 01:09:52,34.5,62.0,54.93,34,74,6.02
444,Guadalupe Y Calvo,MX,2021-04-19 01:09:52,26.1,-106.9667,54.54,31,4,10.31
445,Tabatinga,BR,2021-04-19 01:09:53,-4.2525,-69.9381,73.4,100,40,1.7
446,Svetlogorsk,BY,2021-04-19 01:09:53,52.6333,29.7333,42.58,91,89,6.85
447,Pato Branco,BR,2021-04-19 01:09:54,-26.2286,-52.6706,65.28,66,91,4.81
448,Puerto Cabello,VE,2021-04-19 01:09:54,10.4731,-68.0125,77.27,87,96,10.25
449,Pangoa,PE,2021-04-19 01:09:55,-12.1167,-73.0,70.0,98,74,0.92
450,Amontada,BR,2021-04-19 01:09:55,-3.3617,-39.8317,73.56,93,44,3.56
451,Tual,ID,2021-04-19 01:09:22,-5.6667,132.75,80.67,75,100,1.77
452,Puerto Madryn,AR,2021-04-19 01:05:12,-42.7692,-65.0385,67.77,54,55,13.51
453,Lisakovsk,KZ,2021-04-19 01:09:56,52.5369,62.4936,28.17,51,21,16.6
454,Beroroha,MG,2021-04-19 01:09:56,-21.6667,45.1667,67.05,66,95,5.1
455,Ahipara,NZ,2021-04-19 01:09:57,-35.1667,173.1667,65.84,52,82,4.97
456,Krasnokamensk,RU,2021-04-19 01:09:57,50.0979,118.0369,33.57,12,0,12.1
457,Port Macquarie,AU,2021-04-19 01:09:57,-31.4333,152.9167,71.01,58,0,1.99
458,Dalsingh Sarai,IN,2021-04-19 01:09:58,25.6667,85.8333,81.45,18,0,2.93
459,Kenora,CA,2021-04-19 01:09:58,49.8167,-94.4337,28.4,74,90,10.36
460,Havre-Saint-Pierre,CA,2021-04-19 01:09:58,50.2334,-63.5986,37.4,87,90,5.75
461,Kozhva,RU,2021-04-19 01:09:59,65.1073,57.0459,13.32,95,88,1.95
462,Vila Velha,BR,2021-04-19 01:09:59,-20.3297,-40.2925,77.0,83,40,6.91
463,Redlands,US,2021-04-19 01:06:49,34.0556,-117.1825,86.0,6,1,14.97
464,Tabuk,PH,2021-04-19 01:10:00,17.4189,121.4443,76.73,68,97,13.31
465,Ambatondrazaka,MG,2021-04-19 01:10:00,-17.8333,48.4167,62.62,88,100,6.69
466,Codrington,AU,2021-04-19 01:10:01,-38.2667,141.9667,62.8,65,100,13.6
467,Le Port,RE,2021-04-19 01:10:01,-20.9373,55.2919,77.0,73,90,12.66
468,Luwuk,ID,2021-04-19 01:10:01,-0.9516,122.7875,79.47,83,100,5.41
469,Ouadda,CF,2021-04-19 01:10:02,8.0777,22.4007,76.78,54,100,6.91
470,Shingu,JP,2021-04-19 01:10:02,33.7333,135.9833,55.4,58,40,13.8
471,Linhares,BR,2021-04-19 01:10:03,-19.3911,-40.0722,70.99,95,11,2.71
472,Samarai,PG,2021-04-19 01:10:03,-10.6167,150.6667,84.31,74,61,12.37
473,Borogontsy,RU,2021-04-19 01:10:04,62.6683,131.1683,19.08,90,100,7.31
474,Xingyi,CN,2021-04-19 01:10:04,24.1877,102.817,61.54,76,39,6.89
475,Ketchikan,US,2021-04-19 01:08:37,55.3422,-131.6461,69.8,26,1,16.11
476,Mantua,IT,2021-04-19 01:10:04,45.1667,10.7833,46.99,84,100,0.72
477,Yelizovo,RU,2021-04-19 01:10:05,53.1873,158.3805,39.2,70,20,15.66
478,Lichinga,MZ,2021-04-19 01:10:05,-13.3128,35.2406,54.46,93,80,7.31
479,Poggibonsi,IT,2021-04-19 01:10:06,43.4724,11.1456,44.01,85,32,3.0
480,Izhma,RU,2021-04-19 01:10:06,65.0083,53.9113,21.29,86,38,2.93
481,Tiarei,PF,2021-04-19 01:06:03,-17.5333,-149.3333,86.0,66,20,9.22
482,Kenai,US,2021-04-19 01:10:07,60.5544,-151.2583,59.0,46,90,8.05
483,San Andres,CO,2021-04-19 01:08:25,12.5847,-81.7006,82.4,83,40,8.05
484,Halifax,CA,2021-04-19 01:07:19,44.6453,-63.5724,37.99,88,100,8.01
485,Muisne,EC,2021-04-19 01:10:08,0.6,-80.0333,76.55,82,22,3.44
486,Skibbereen,IE,2021-04-19 01:10:08,51.55,-9.2667,46.4,93,75,9.22
487,Tupelo,US,2021-04-19 01:08:29,34.2576,-88.7034,57.2,58,1,3.44
488,Muzhi,RU,2021-04-19 01:10:09,65.3667,64.6667,2.88,90,100,4.41
489,Jutai,BR,2021-04-19 01:10:09,-5.1833,-68.9,72.1,99,98,1.95
490,Ulladulla,AU,2021-04-19 01:10:09,-35.35,150.4667,64.99,51,0,12.66
491,Jacareacanga,BR,2021-04-19 01:10:10,-6.2222,-57.7528,71.6,98,89,1.52
492,Talara,PE,2021-04-19 01:10:10,-4.5772,-81.2719,69.89,86,96,4.61
493,Martinopolis,BR,2021-04-19 01:10:10,-22.1458,-51.1708,73.4,60,0,5.75
494,Lazaro Cardenas,MX,2021-04-19 01:10:11,17.9583,-102.2,77.07,57,0,7.07
495,Itoman,JP,2021-04-19 01:10:11,26.1247,127.6694,71.6,49,75,14.97
496,Pochutla,MX,2021-04-19 01:10:12,15.7432,-96.4661,82.4,69,90,4.25
497,Maxixe,MZ,2021-04-19 01:10:12,-23.8597,35.3472,65.03,78,16,2.8
498,Krasnyy Chikoy,RU,2021-04-19 01:10:12,50.3643,108.7512,40.44,32,11,2.93
499,Rio Verde De Mato Grosso,BR,2021-04-19 01:10:13,-18.9181,-54.8442,76.6,57,24,2.68
500,Lozovo,MK,2021-04-19 01:10:13,41.7839,21.9056,42.8,93,75,2.21
501,Hargeysa,SO,2021-04-19 01:10:14,9.56,44.065,70.18,55,95,6.24
502,Eirunepe,BR,2021-04-19 01:10:14,-6.6603,-69.8736,72.68,99,100,2.17
503,San Rafael,AR,2021-04-19 01:10:14,-34.6177,-68.3301,74.17,58,61,12.8
504,Champerico,GT,2021-04-19 01:10:15,14.3,-91.9167,86.0,74,75,6.91
505,Yenagoa,NG,2021-04-19 01:10:15,4.9247,6.2642,75.94,90,100,2.39
506,Ashland,US,2021-04-19 01:06:56,40.8167,-82.2665,48.99,82,91,5.01
507,Aitape,PG,2021-04-19 01:10:16,-3.1374,142.3475,80.33,80,88,1.61
508,Damietta,EG,2021-04-19 01:10:16,31.4165,31.8133,78.8,31,0,11.5
509,Skibotn,NO,2021-04-19 01:10:16,69.3913,20.2679,41.0,56,0,11.5
510,Pekan,MY,2021-04-19 01:08:08,3.4836,103.3996,77.0,88,20,4.0
511,Eureka,US,2021-04-19 01:06:32,40.8021,-124.1637,57.99,87,90,8.05
512,Egvekinot,RU,2021-04-19 01:10:17,66.3167,-179.1667,27.79,98,100,12.46
513,Chitungwiza,ZW,2021-04-19 01:10:18,-18.0127,31.0756,55.0,84,10,3.0
514,Vengerovo,RU,2021-04-19 01:10:18,55.6848,76.7471,14.94,57,100,17.27
515,Mendeleyevsk,RU,2021-04-19 01:08:08,55.9082,52.2905,30.2,51,0,11.18
516,Campbellsville,US,2021-04-19 01:10:19,37.3434,-85.3419,57.2,47,1,0.36
517,Erzin,TR,2021-04-19 01:10:19,36.9559,36.2,71.01,66,100,15.99
518,Matara,LK,2021-04-19 01:10:19,5.9485,80.5353,77.56,85,32,5.68
519,Pattaya,TH,2021-04-19 01:05:25,12.9333,100.8833,88.0,50,100,9.75
520,Sorong,ID,2021-04-19 01:10:20,-0.8833,131.25,81.16,76,100,3.22
521,Mount Gambier,AU,2021-04-19 01:10:20,-37.8333,140.7667,57.2,100,90,9.22
522,Kamra,PK,2021-04-19 01:10:21,33.7473,73.5111,59.0,77,0,10.2
523,Casablanca,MA,2021-04-19 01:10:21,33.5928,-7.6192,66.0,100,75,3.44
524,Huesca,ES,2021-04-19 01:10:22,42.1362,-0.4087,41.0,60,0,8.05
525,Warkworth,NZ,2021-04-19 01:10:22,-36.4,174.6667,66.99,68,98,5.99
526,Hvolsvollur,IS,2021-04-19 01:10:22,63.7533,-20.2243,32.0,89,100,1.99
527,Aykhal,RU,2021-04-19 01:10:23,66.0,111.5,5.85,78,33,2.62
528,Mandapam,IN,2021-04-19 01:10:23,9.2833,79.1167,85.26,75,100,16.49
529,Cotonou,BJ,2021-04-19 01:10:24,6.3654,2.4183,75.2,94,20,4.61
530,Hami,CN,2021-04-19 01:10:24,42.8,93.45,60.78,26,80,14.16
531,Lobito,AO,2021-04-19 01:10:24,-12.3481,13.5456,80.28,78,64,4.14
532,Barbalha,BR,2021-04-19 01:10:25,-7.3111,-39.3042,75.2,88,75,10.36
533,Agadir,MA,2021-04-19 01:06:49,30.4202,-9.5982,59.0,94,75,4.61
534,New Philadelphia,US,2021-04-19 01:06:32,40.4898,-81.4457,48.2,81,90,3.44
535,Liwale,TZ,2021-04-19 01:10:26,-9.7667,37.9333,64.87,84,5,7.29
536,Bilma,NE,2021-04-19 01:08:41,18.6853,12.9164,84.38,7,83,7.47
537,Noumea,NC,2021-04-19 01:10:26,-22.2763,166.4572,84.2,65,0,5.75
538,Nizhniy Tsasuchey,RU,2021-04-19 01:10:27,50.5167,115.1333,33.8,19,3,6.06
539,Uvat,RU,2021-04-19 01:10:27,59.1433,68.8953,15.1,68,17,6.76
540,Masty,BY,2021-04-19 01:10:27,53.4122,24.5387,43.5,90,3,6.15
541,Albanel,CA,2021-04-19 01:06:15,48.8832,-72.4487,48.2,61,100,4.61
542,Emba,KZ,2021-04-19 01:10:28,48.8264,58.1442,52.68,88,100,10.56
543,Nevsehir,TR,2021-04-19 01:09:36,38.9167,34.6667,50.0,93,75,3.36
544,Longhua,CN,2021-04-19 01:10:28,23.6137,114.1919,66.2,93,100,1.68
545,Zhezkazgan,KZ,2021-04-19 01:10:29,47.8043,67.7144,50.61,77,84,6.13
546,Mamit,IN,2021-04-19 01:10:29,23.9333,92.4833,66.87,87,10,2.91
547,Shishou,CN,2021-04-19 01:10:30,29.7226,112.419,59.22,81,98,4.85
548,Mamakan,RU,2021-04-19 01:10:30,57.8161,114.0028,23.0,65,24,3.6
549,Chudniv,UA,2021-04-19 01:10:30,50.052,28.1175,39.78,95,98,6.24
550,Coahuayana,MX,2021-04-19 01:10:31,18.7333,-103.6833,78.8,36,1,5.75
551,Kemijarvi,FI,2021-04-19 01:10:31,66.7131,27.4306,29.82,96,12,3.71
552,Teguise,ES,2021-04-19 01:10:32,29.0605,-13.564,64.4,68,75,11.5
553,Dovolnoye,RU,2021-04-19 01:10:32,54.4958,79.6671,20.44,61,100,19.39
554,Krasnogorskoye,RU,2021-04-19 01:10:33,52.2953,86.1979,43.3,92,100,19.53
555,Khandbari,NP,2021-04-19 01:10:33,27.3747,87.2039,65.26,52,1,3.36
556,Moncton,CA,2021-04-19 01:10:33,46.1159,-64.8019,36.0,100,90,10.36
557,Leua,SK,2021-04-19 01:10:34,48.2156,18.6071,50.0,89,100,1.01
558,Kudahuvadhoo,MV,2021-04-19 01:10:34,2.6708,72.8944,82.56,64,44,9.82
559,Farmington,US,2021-04-19 01:09:29,36.7281,-108.2187,61.0,20,1,9.22
560,Morant Bay,JM,2021-04-19 01:10:35,17.8815,-76.4093,82.4,69,20,23.02
561,Plettenberg Bay,ZA,2021-04-19 01:10:35,-34.0527,23.3716,65.89,66,6,12.12
562,Kouango,CF,2021-04-19 01:10:36,4.9934,19.9619,73.08,90,100,0.83
563,Bereda,ES,2021-04-19 01:10:36,43.2686,-7.5406,53.01,88,100,1.01
564,Altay,CN,2021-04-19 01:10:36,47.8667,88.1167,47.75,47,74,4.5
565,Coolum Beach,AU,2021-04-19 01:10:37,-26.5333,153.1,73.99,68,0,7.29
566,La Ronge,CA,2021-04-19 01:10:37,55.1001,-105.2842,37.4,28,100,11.5
567,Podor,MR,2021-04-19 01:10:38,16.6527,-14.9587,87.8,25,0,4.61
568,Aguimes,ES,2021-04-19 01:10:38,27.9054,-15.4461,64.4,68,40,23.02
569,Kant,IN,2021-04-19 01:10:38,27.8,79.8,76.71,31,0,7.63
570,Outjo,NA,2021-04-19 01:10:39,-20.1167,16.15,62.06,64,83,11.77
571,Baykit,RU,2021-04-19 01:10:39,61.67,96.37,24.03,90,100,2.55
